Model,Family,Diag. sec,Proc. sec,Accuracy,Macro-F1,Weighted-F1,Top-3 Acc.
NN_l2,Neural Network,16,10,0.8527874564459931,0.79638354003876,0.8488141162348791,0.9616724848747252
RF_depth15_leaf1,Random Forest,6,0,0.710801393728223,0.6198828147164137,0.7019561958200974,0.9263937282229964
